{
  "epoch_times": [
    278.08730608969927,
    279.25048849359155,
    279.1500534489751
  ],
  "step_times": [
    0.17698791285622828,
    0.1777227162428186,
    0.17766283866749769
  ]
}