{
  "epoch_times": [
    264.3124728240073,
    267.95089484378695,
    267.9606863260269
  ],
  "step_times": [
    0.16819441383817757,
    0.17051204103530787,
    0.17050600515694017
  ]
}