{
  "epoch_times": [
    2516.575661636889,
    1297.8794427998364,
    1298.0766894035041
  ],
  "step_times": [
    0.33458280535688,
    0.17216887162427108,
    0.17222167337586483
  ]
}