{
  "epoch_times": [
    4187.083866856992,
    4189.1005951315165,
    4175.909669175744
  ],
  "step_times": [
    0.16972862596707383,
    0.16983667227428653,
    0.1693205882610287
  ]
}