{
  "epoch_times": [
    4143.20240021497,
    4146.466026216745,
    4134.266348917037
  ],
  "step_times": [
    0.1679845600814839,
    0.1681051874799518,
    0.16762753717226098
  ]
}