{
  "epoch_times": [
    4204.515614677221,
    4199.160721957684,
    4159.39465847984
  ],
  "step_times": [
    0.1704770118460142,
    0.17025968954064233,
    0.16865273625462412
  ]
}