{
  "epoch_times": [
    278.1584632731974,
    277.92155972495675,
    277.1980501487851
  ],
  "step_times": [
    0.17702708551594637,
    0.17693616673398002,
    0.1764259962382907
  ]
}