{
  "epoch_times": [
    1803.2487402409315,
    1798.6325282081962,
    1798.5385773032904
  ],
  "step_times": [
    0.2395054389283061,
    0.2389277404467265,
    0.23892741959591707
  ]
}