{
  "epoch_times": [
    267.496113717556,
    271.3695772662759,
    383.7470700480044
  ],
  "step_times": [
    0.17009040449703647,
    0.17265514281512223,
    0.24453409147220626
  ]
}