{
  "epoch_times": [
    366.1322016865015,
    578.9013528414071,
    577.1632553562522
  ],
  "step_times": [
    0.23330266165212799,
    0.36944848563824795,
    0.36830932107382836
  ]
}