{
  "epoch_times": [
    3315.0973407030106,
    3117.7497180961072,
    3268.624939762056
  ],
  "step_times": [
    0.44107063182592393,
    0.41481158774296445,
    0.4349289061764876
  ]
}